,count,mean,std,min,25%,50%,75%,max
lead_time,79330.0,109.73572419009201,110.94852576365824,0.0,23.0,74.0,163.0,629.0
adr,79330.0,105.30446539770578,43.602953837094724,0.0,79.2,99.9,126.0,5400.0
total_of_special_requests,79330.0,0.546917937728476,0.7807762224113713,0.0,0.0,0.0,1.0,5.0
previous_cancellations,79330.0,0.07974284633808143,0.41547221430867176,0.0,0.0,0.0,0.0,21.0
stays_in_week_nights,79330.0,2.1829572671120636,1.4564161862484248,0.0,1.0,2.0,3.0,41.0
stays_in_weekend_nights,79330.0,0.7951846716248582,0.8850263827567262,0.0,0.0,1.0,2.0,16.0
