target,label,count,rate
0,Not canceled,46228,0.5827303668221354
1,Canceled,33102,0.41726963317786464
