,precision,recall,f1-score,support
Not canceled,0.7692497837102954,0.8784756527875794,0.8202424881391671,7085.0
Canceled,0.7739564190076136,0.6122533748701973,0.6836734693877551,4815.0
accuracy,0.7707563025210084,0.7707563025210084,0.7707563025210084,0.7707563025210084
macro avg,0.7716031013589545,0.7453645138288884,0.7519579787634612,11900.0
weighted avg,0.7711541911856388,0.7707563025210084,0.7649836792914319,11900.0
